table,column,curie,unit_curie,note
measurements,length_px,PATO:0000122,,long side of the minimum-area rectangle around the whole mask incl. legs and antennae (pixels)
measurements,width_px,PATO:0000921,,short side of the minimum-area rectangle around the whole mask (pixels)
measurements,core_length_px,CMO:0000013,,body length after a morphological opening removes legs and antennae (pixels)
measurements,core_width_px,PATO:0000921,,body width after the opening (pixels)
measurements,body_length_parts_px,CMO:0000013,,extent of head + pronotum + elytra along the body axis (pixels); the preferred body length
measurements,elytra_length_px,COLAO:0000000,,extent of the elytra along the body axis (pixels)
measurements,elytra_width_px,COLAO:0000000,,extent of both elytra across the body axis (pixels)
measurements,pronotum_width_px,AISM:0000059,,extent of the pronotum across the body axis (pixels); maximum width not basal width
measurements,pronotum_length_px,AISM:0000059,,extent of the pronotum along the body axis (pixels)
measurements,length_mm,PATO:0000122,UO:0000016,whole-mask length in mm when the image has a trusted scale
measurements,width_mm,PATO:0000921,UO:0000016,whole-mask width in mm when the image has a trusted scale
measurements,core_length_mm,CMO:0000013,UO:0000016,legs-removed body length in mm
measurements,core_width_mm,PATO:0000921,UO:0000016,legs-removed body width in mm
measurements,body_length_parts_mm,CMO:0000013,UO:0000016,head + pronotum + elytra length in mm
measurements,elytra_length_mm,COLAO:0000000,UO:0000016,elytra length in mm
measurements,elytra_width_mm,COLAO:0000000,UO:0000016,elytra width (both elytra) in mm
measurements,pronotum_width_mm,AISM:0000059,UO:0000016,pronotum maximum width in mm
measurements,area_px,PATO:0001323,,mask area in pixels
measurements,area_mm2,PATO:0001323,UO:0000082,mask area in mm^2 when the image has a trusted scale
measurements,perimeter_px,PATO:0001711,,mask contour length in pixels
measurements,orientation_deg,PATO:0000133,UO:0000185,angle of the long side of the minimum-area rectangle
measurements,solidity,PATO:0001355,,mask area / convex hull area (1 = fully convex)
measurements,ellipse_major_px,PATO:0000122,,fitted-ellipse major axis
measurements,ellipse_minor_px,PATO:0000921,,fitted-ellipse minor axis
measurements,mean_r,PATO:0000014,,mean red channel inside the mask
measurements,mean_g,PATO:0000014,,mean green channel inside the mask
measurements,mean_b,PATO:0000014,,mean blue channel inside the mask
measurements,px_per_mm,UO:0000243,UO:0000243,image scale; see scale_source for how it was obtained
measurements,segmenter,OBI:0003918,,SAM 2.1 checkpoint that produced the mask
measurements,image_id,IAO:0000185,,source photograph (image_manifest.image_id)
measurements,sex,PATO:0000047,,sex recorded by the Biorepository
measurements,ann_elytra_length_mm,COLAO:0000000,UO:0000016,human elytra length for the same specimen (2018 Zooniverse or Hawaii annotations)
measurements,ann_elytra_width_mm,COLAO:0000000,UO:0000016,human elytra width for the same specimen
measurements,ann_pronotum_width_mm,AISM:0000059,UO:0000016,human basal pronotum width for the same specimen (Hawaii)
instances,mask_rle,OBI:0003360,,COCO run-length encoding of the instance mask within its window
image_manifest,image_id,IAO:0000185,,one photograph
image_manifest,px_per_mm,UO:0000243,UO:0000243,scale from a human scale-bar annotation where one exists
specimen_manifest,individualID,OBI:0100051,,NEON pinned specimen identifier
specimen_manifest,biorepo_catalogNumber,OBI:0001900,,NEON Biorepository accession (IGSN)
specimen_manifest,bestScientificName,NCBITaxon:41073,,all specimens are Carabidae; per-name NCBITaxon CURIEs in taxon_terms
biorepo_records,catalogNumber,OBI:0001900,,NEON Biorepository accession (IGSN)
neon_fielddata,decimalLatitude,OBI:0001620,UO:0000185,plot centroid
neon_fielddata,decimalLongitude,OBI:0001621,UO:0000185,plot centroid
neon_fielddata,trapID,ENVO:01000976,,pitfall trap position on plot
neon_fielddata,nlcdClass,ENVO:01000888,,mapped per value in landcover_terms
neon_fielddata,eventID,BCO:0000054,,bout-level trap collection event
neon_fielddata,elevation,PATO:0001687,,plot elevation in metres above sea level
elytra_annotations_2018,dist_cm,COLAO:0000000,UO:0000015,Zooniverse elytra length/width annotations (2018 group images)
