curie,ontology,label,iri,role
PATO:0000122,pato,length,http://purl.obolibrary.org/obo/PATO_0000122,quality
PATO:0000921,pato,width,http://purl.obolibrary.org/obo/PATO_0000921,quality
PATO:0001323,pato,area,http://purl.obolibrary.org/obo/PATO_0001323,quality
PATO:0001711,pato,perimeter,http://purl.obolibrary.org/obo/PATO_0001711,quality
PATO:0000133,pato,orientation,http://purl.obolibrary.org/obo/PATO_0000133,quality
PATO:0000052,pato,shape,http://purl.obolibrary.org/obo/PATO_0000052,quality
PATO:0001355,pato,convex,http://purl.obolibrary.org/obo/PATO_0001355,quality
PATO:0000014,pato,color,http://purl.obolibrary.org/obo/PATO_0000014,quality
PATO:0000047,pato,biological sex,http://purl.obolibrary.org/obo/PATO_0000047,quality
CMO:0000013,cmo,body length,http://purl.obolibrary.org/obo/CMO_0000013,measurement
CMO:0000021,cmo,body morphological measurement,http://purl.obolibrary.org/obo/CMO_0000021,measurement
COLAO:0000000,colao,elytron,http://purl.obolibrary.org/obo/COLAO_0000000,anatomy
BTO:0000378,bto,elytron,http://purl.obolibrary.org/obo/BTO_0000378,anatomy
UO:0000016,uo,millimeter,http://purl.obolibrary.org/obo/UO_0000016,unit
UO:0000082,uo,square millimeter,http://purl.obolibrary.org/obo/UO_0000082,unit
UO:0000185,uo,degree,http://purl.obolibrary.org/obo/UO_0000185,unit
UO:0000243,uo,pixels per millimeter,http://purl.obolibrary.org/obo/UO_0000243,unit
NCBITaxon:41073,ncbitaxon,Carabidae,http://purl.obolibrary.org/obo/NCBITaxon_41073,taxon
OBI:0100051,obi,specimen,http://purl.obolibrary.org/obo/OBI_0100051,entity
OBI:0001900,obi,specimen identifier assigned by specimen repository,http://purl.obolibrary.org/obo/OBI_0001900,identifier
OBI:0003918,obi,image segmentation,http://purl.obolibrary.org/obo/OBI_0003918,process
OBI:0003360,obi,image segmentation map,http://purl.obolibrary.org/obo/OBI_0003360,data
OBI:0001620,obi,latitude coordinate measurement datum,http://purl.obolibrary.org/obo/OBI_0001620,datum
OBI:0001621,obi,longitude coordinate measurement datum,http://purl.obolibrary.org/obo/OBI_0001621,datum
IAO:0000101,iao,image,http://purl.obolibrary.org/obo/IAO_0000101,data
IAO:0000185,iao,photograph,http://purl.obolibrary.org/obo/IAO_0000185,data
ENVO:01000976,envo,pitfall trap,http://purl.obolibrary.org/obo/ENVO_01000976,sampling device
ENVO:01000888,envo,area of gramanoid or herbaceous vegetation,http://purl.obolibrary.org/obo/ENVO_01000888,land cover
ENVO:01000869,envo,area of scrub,http://purl.obolibrary.org/obo/ENVO_01000869,land cover
ENVO:01000843,envo,area of evergreen forest,http://purl.obolibrary.org/obo/ENVO_01000843,land cover
ENVO:01000892,envo,area of cropland,http://purl.obolibrary.org/obo/ENVO_01000892,land cover
BCO:0000054,bco,trap or sample taxonomic inventory process,http://purl.obolibrary.org/obo/BCO_0000054,process
PATO:0001687,pato,elevation,http://purl.obolibrary.org/obo/PATO_0001687,quality
ENVO:01000816,envo,area of deciduous forest,http://purl.obolibrary.org/obo/ENVO_01000816,land cover
ENVO:01000855,envo,area of mixed forest,http://purl.obolibrary.org/obo/ENVO_01000855,land cover
ENVO:01000891,envo,area of pastureland or hayfields,http://purl.obolibrary.org/obo/ENVO_01000891,land cover
ENVO:01000893,envo,area of woody wetland,http://purl.obolibrary.org/obo/ENVO_01000893,land cover
ENVO:01000894,envo,area of emergent herbaceous wetland,http://purl.obolibrary.org/obo/ENVO_01000894,land cover
ENVO:01000861,envo,area of dwarf scrub,http://purl.obolibrary.org/obo/ENVO_01000861,land cover
ENVO:01000887,envo,area of sedge- and forb-dominated herbaceous vegetation,http://purl.obolibrary.org/obo/ENVO_01000887,land cover
AISM:0000059,aism,pronotum,http://purl.obolibrary.org/obo/AISM_0000059,anatomy
UO:0000015,uo,centimeter,http://purl.obolibrary.org/obo/UO_0000015,unit
